,YeastID,ModelID,ID
0,YHR046C,'PCCGCIGL_06133',Skluy_65.1.19:19
1,YBL076C,'PCCGCIGL_05201',Skluy_10.5.9:9
2,YOR176W,'PCCGCIGL_00527',Skluy_73.2.3:3
3,YCR032W,'PCCGCIGL_01866',Skluy_28.3.18:18
4,YOR245C,'PCCGCIGL_07093',Skluy_0.3.4:4
5,YOR335C,'PCCGCIGL_01389',Skluy_14.4.14:14
6,YGR208W,'PCCGCIGL_06386',Skluy_102.2.14:14
7,YDR321W,'PCCGCIGL_06009',Skluy_68.1.9:9
8,YDR536W,'PCCGCIGL_06628',Skluy_18.3.2:2
9,YDR536W,'PCCGCIGL_06628',Skluy_12.2.20:20
10,YOR348C,'PCCGCIGL_01423',Skluy_160.1.1:1
11,YOR348C,'PCCGCIGL_01423',Skluy_20.1.12:12
12,YOR348C,'PCCGCIGL_01423',Skluy_14.4.29:29
13,YOR348C,'PCCGCIGL_01423',Skluy_9.6.29:29
14,YKL016C,'PCCGCIGL_06667',Skluy_49.1.5:5
15,YPR184W,'PCCGCIGL_05417',Skluy_7.3.58:58
16,YPR184W,'PCCGCIGL_05417',Skluy_92.1.1:1
17,YGR264C,'PCCGCIGL_06812',Skluy_78.2.8:8
18,YLR245C,'PCCGCIGL_07526',Skluy_53.4.10:10
19,YOR074C,'PCCGCIGL_05523',Skluy_535.1.1:1
20,YOR074C,'PCCGCIGL_05523',Skluy_8.3.45:45
21,YGR175C,'PCCGCIGL_06286',Skluy_25.4.2:2
22,YPL097W,'PCCGCIGL_07254',Skluy_0.4.31:31
23,YLR146C,'PCCGCIGL_07601',Skluy_123.2.7:7
24,YER019W,'PCCGCIGL_01725',Skluy_104.3.2:2
25,YDL174C,'PCCGCIGL_05148',Skluy_63.3.8:8
26,YDL174C,'PCCGCIGL_05148',Skluy_10.6.21:21
27,YDL174C,'PCCGCIGL_05148',Skluy_107.2.8:8
28,YGR155W,'PCCGCIGL_08092',Skluy_11.1.9:9
29,YDL142C,'PCCGCIGL_05079',Skluy_109.1.8:8
30,YGR147C,'PCCGCIGL_07962',Skluy_133.2.2:2
31,YBL064C,'PCCGCIGL_05186',Skluy_70.1.4:4
32,YBL064C,'PCCGCIGL_05186',Skluy_10.5.19:19
33,YOR099W,'PCCGCIGL_04132',Skluy_125.2.10:10
34,YOR099W,'PCCGCIGL_04132',Skluy_158.2.1:1
35,YLR438W,'PCCGCIGL_06536',Skluy_84.3.7:7
36,YLR438W,'PCCGCIGL_06536',Skluy_66.1.8:8
37,YOR130C,'PCCGCIGL_05678',Skluy_130.1.5:5
38,YOR130C,'PCCGCIGL_05678',Skluy_62.1.7:7
39,YKR031C,'PCCGCIGL_02823',Skluy_34.4.8:8
40,YJR057W,'PCCGCIGL_03291',Skluy_15.2.11:11
41,YBR180W,'PCCGCIGL_07263',Skluy_0.4.37:37
42,YPR062W,'PCCGCIGL_01214',Skluy_87.1.15:15
43,YBR213W,'PCCGCIGL_00447',Skluy_101.1.4:4
44,YGR240C,'PCCGCIGL_06872',Skluy_24.1.27:27
45,YGR240C,'PCCGCIGL_06872',Skluy_24.2.1:1
46,YPR160W,'PCCGCIGL_04598',Skluy_2.10.6:6
47,YKL188C,'PCCGCIGL_06483',Skluy_40.3.2:2
48,YJR001W,'PCCGCIGL_06239',Skluy_143.2.3:3
49,YPL061W,'PCCGCIGL_07318',Skluy_36.1.14:14
50,YNL220W,'PCCGCIGL_04366',Skluy_1.1.18:18
51,YOL030W,'PCCGCIGL_04784',Skluy_103.2.6:6
52,YLR348C,'PCCGCIGL_01815',Skluy_28.10.5:5
53,YDL067C,'PCCGCIGL_06886',Skluy_24.1.20:20
54,YDR072C,'PCCGCIGL_07840',Skluy_17.2.2:2
55,YEL038W,'PCCGCIGL_03242',Skluy_15.3.17:17
56,YER183C,'PCCGCIGL_01504',Skluy_30.1.30:30
57,YDR127W,'PCCGCIGL_07695',Skluy_66.1.4:4
58,YPR191W,'PCCGCIGL_05425',Skluy_92.1.8:8
59,YEL011W,'PCCGCIGL_03170',Skluy_74.1.4:4
60,YGR282C,'PCCGCIGL_06772',Skluy_99.2.21:21
61,YPR140W,'PCCGCIGL_04659',Skluy_2.6.38:38
62,YNL117W,'PCCGCIGL_04176',Skluy_38.1.29:29
63,YJL071W,'PCCGCIGL_02906',Skluy_59.5.5:5
64,YBR249C,'PCCGCIGL_00348',Skluy_21.1.17:17
65,YKL140W,'PCCGCIGL_03756',Skluy_3.3.48:48
66,YHR042W,'PCCGCIGL_06125',Skluy_65.1.25:25
67,YNL277W,'PCCGCIGL_01721',Skluy_23.6.6:6
68,YNL277W,'PCCGCIGL_01721',Skluy_104.1.8:8
69,YGR267C,'PCCGCIGL_06804',Skluy_78.2.4:4
70,YOR142W,'PCCGCIGL_05706',Skluy_62.4.9:9
71,YER175C,'PCCGCIGL_07771',Skluy_43.1.11:11
72,YIL107C,'PCCGCIGL_04012',Skluy_2.6.19:19
73,YIL107C,'PCCGCIGL_04012',Skluy_4.5.5:5
74,YNL316C,'PCCGCIGL_02458',Skluy_44.1.32:32
75,YGR094W,'PCCGCIGL_04817',Skluy_35.2.10:10
76,YNL256W,'PCCGCIGL_01789',Skluy_42.7.12:12
77,YLR044C,'PCCGCIGL_06393',Skluy_102.2.18:18
78,YLR044C,'PCCGCIGL_06393',Skluy_22.1.46:46
79,YLR044C,'PCCGCIGL_06393',Skluy_2.1.30:30
80,YIL160C,'PCCGCIGL_04444',Skluy_45.3.29:29
81,YKL004W,'PCCGCIGL_00550',Skluy_73.1.8:8
82,YOR209C,'PCCGCIGL_07169',Skluy_0.3.51:51
83,YGR202C,'PCCGCIGL_06372',Skluy_102.2.3:3
84,YPR047W,'PCCGCIGL_01182',Skluy_13.5.4:4
85,YOR202W,'PCCGCIGL_07192',Skluy_0.3.65:65
86,YDL198C,'PCCGCIGL_07461',Skluy_6.4.39:39
87,YLR195C,'PCCGCIGL_05139',Skluy_10.6.27:27
88,YCR053W,'PCCGCIGL_00103',Skluy_93.1.20:20
89,YPL092W,'PCCGCIGL_07264',Skluy_0.4.38:38
90,YCR075C,'PCCGCIGL_00076',Skluy_174.1.2:2
91,YLR304C,'PCCGCIGL_08127',Skluy_11.2.1:1
92,YJR095W,'PCCGCIGL_05308',Skluy_7.1.16:16
93,YPL040C,'PCCGCIGL_07402',Skluy_6.3.26:26
94,YBR036C,'PCCGCIGL_02175',Skluy_82.4.3:3
95,YFL001W,'PCCGCIGL_00907',Skluy_46.3.14:14
96,YDL015C,'PCCGCIGL_02104',Skluy_81.1.17:17
97,YKL085W,'PCCGCIGL_06646',Skluy_12.2.10:10
98,YGL055W,'PCCGCIGL_00446',Skluy_22.1.51:51
99,YGL055W,'PCCGCIGL_00446',Skluy_101.1.5:5
100,YMR013C,'PCCGCIGL_03327',Skluy_5.2.2:2
101,YLR060W,'PCCGCIGL_00796',Skluy_16.1.7:7
102,YHR007C,'PCCGCIGL_05857',Skluy_71.2.11:11
103,YGR170W,'PCCGCIGL_06308',Skluy_25.3.18:18
104,YBR029C,'PCCGCIGL_02168',Skluy_82.3.2:2
105,YLR295C,'PCCGCIGL_00481',Skluy_67.3.17:17
106,YJR019C,'PCCGCIGL_06376',Skluy_102.2.7:7
107,YIL002C,'PCCGCIGL_04754',Skluy_2.1.9:9
108,YDL045C,'PCCGCIGL_02146',Skluy_82.1.7:7
109,YLR138W,'PCCGCIGL_07616',Skluy_57.1.1:1
110,YPL160W,'PCCGCIGL_07079',Skluy_0.1.40:40
111,YOL033W,'PCCGCIGL_01329',Skluy_61.2.10:10
112,YEL046C,'PCCGCIGL_03254',Skluy_0.4.45:45
113,YEL046C,'PCCGCIGL_03254',Skluy_15.3.8:8
114,YJL130C,'PCCGCIGL_02012',Skluy_19.6.7:7
115,YOL065C,'PCCGCIGL_02159',Skluy_82.2.7:7
116,YBR196C,'PCCGCIGL_07299',Skluy_36.1.22:22
117,YOR360C,'PCCGCIGL_03394',Skluy_5.2.38:38
118,YBR019C,'PCCGCIGL_02369',Skluy_112.3.9:9
119,YBR019C,'PCCGCIGL_02369',Skluy_581.1.1:1
120,YIL020C,'PCCGCIGL_04892',Skluy_26.1.28:28
121,YER061C,'PCCGCIGL_04970',Skluy_9.2.8:8
122,YDL103C,'PCCGCIGL_03893',Skluy_170.2.2:2
123,YMR267W,'PCCGCIGL_02636',Skluy_122.1.7:7
124,YKR080W,'PCCGCIGL_05528',Skluy_8.3.40:40
125,YDL040C,'PCCGCIGL_02156',Skluy_82.2.5:5
126,YLR285W,'PCCGCIGL_00501',Skluy_67.3.5:5
127,YJR010W,'PCCGCIGL_06352',Skluy_130.1.1:1
128,YDR454C,'PCCGCIGL_05837',Skluy_63.1.3:3
129,YDL055C,'PCCGCIGL_06918',Skluy_32.2.17:17
130,YDR503C,'PCCGCIGL_01689',Skluy_156.1.8:8
131,YBL045C,'PCCGCIGL_05359',Skluy_7.3.10:10
132,YDR261C,'PCCGCIGL_05908',Skluy_23.2.16:16
133,YOR128C,'PCCGCIGL_05669',Skluy_62.1.1:1
134,YER015W,'PCCGCIGL_04700',Skluy_2.6.10:10
135,YNL003C,'PCCGCIGL_03046',Skluy_47.1.15:15
136,YJR073C,'PCCGCIGL_00650',Skluy_31.3.3:3
137,YPL273W,'PCCGCIGL_02608',Skluy_116.1.10:10
138,YNR050C,'PCCGCIGL_00022',Skluy_89.2.9:9
139,YGL077C,'PCCGCIGL_00285',Skluy_107.2.12:12
140,YKR009C,'PCCGCIGL_00576',Skluy_158.2.3:3
141,YKR009C,'PCCGCIGL_00576',Skluy_105.1.1:1
142,YBR038W,'PCCGCIGL_02383',Skluy_175.2.1:1
143,YBR038W,'PCCGCIGL_02383',Skluy_147.1.1:1
144,YLL028W,'PCCGCIGL_08238',Skluy_83.1.2:2
145,YDR376W,'PCCGCIGL_05660',Skluy_96.1.5:5
146,YDR007W,'PCCGCIGL_02294',Skluy_72.2.14:14
147,YMR272C,'PCCGCIGL_02624',Skluy_122.1.16:16
148,YJL005W,'PCCGCIGL_06258',Skluy_131.1.9:9
149,YDR062W,'PCCGCIGL_07860',Skluy_17.2.18:18
150,YPR167C,'PCCGCIGL_05396',Skluy_7.3.40:40
151,YMR250W,'PCCGCIGL_01123',Skluy_13.3.11:11
152,YJR121W,'PCCGCIGL_05374',Skluy_7.3.24:24
153,YMR256C,'PCCGCIGL_02655',Skluy_60.1.7:7
154,YDL185W,'PCCGCIGL_05059',Skluy_9.6.42:42
155,YPR021C,'PCCGCIGL_08152',Skluy_11.3.4:4
156,YER053C,'PCCGCIGL_04950',Skluy_9.1.5:5
157,YER170W,'PCCGCIGL_07777',Skluy_43.1.6:6
158,YBR208C,'PCCGCIGL_07345',Skluy_36.1.5:5
159,YML008C,'PCCGCIGL_05775',Skluy_148.1.11:11
160,YIL155C,'PCCGCIGL_04436',Skluy_45.3.22:22
161,YNL141W,'PCCGCIGL_04254',Skluy_1.2.30:30
162,YDL178W,'PCCGCIGL_05036',Skluy_9.6.28:28
163,YDR148C,'PCCGCIGL_07634',Skluy_57.1.13:13
164,YER069W,'PCCGCIGL_04985',Skluy_9.5.6:6
165,YDR298C,'PCCGCIGL_06090',Skluy_22.1.37:37
166,YER056C,'PCCGCIGL_04968',Skluy_9.2.6:6
167,YKL067W,'PCCGCIGL_01456',Skluy_30.1.1:1
168,YKR093W,'PCCGCIGL_04421',Skluy_45.3.11:11
169,YHR074W,'PCCGCIGL_06006',Skluy_68.1.10:10
170,YLR359W,'PCCGCIGL_01041',Skluy_70.2.3:3
171,YHR018C,'PCCGCIGL_03111',Skluy_55.2.13:13
172,YHR018C,'PCCGCIGL_03111',Skluy_278.2.1:1
173,YML110C,'PCCGCIGL_02619',Skluy_116.1.2:2
174,YCL004W,'PCCGCIGL_03061',Skluy_47.1.3:3
175,YGL245W,'PCCGCIGL_04510',Skluy_27.1.11:11
176,YDR135C,'PCCGCIGL_07674',Skluy_100.1.5:5
177,YHR068W,'PCCGCIGL_06047',Skluy_22.1.8:8
178,YPL271W,'PCCGCIGL_03536',Skluy_18.2.10:10
179,YIL125W,'PCCGCIGL_04055',Skluy_4.2.6:6
180,YMR215W,'PCCGCIGL_07018',Skluy_76.1.9:9
181,YKL029C,'PCCGCIGL_00588',Skluy_105.1.9:9
182,YJL153C,'PCCGCIGL_04490',Skluy_79.1.6:6
183,YDR047W,'PCCGCIGL_02689',Skluy_60.1.20:20
184,YBR132C,'PCCGCIGL_01285',Skluy_42.2.3:3
185,YBR132C,'PCCGCIGL_01285',Skluy_37.1.20:20
186,YBR132C,'PCCGCIGL_01285',Skluy_669.1.1:1
187,YOR270C,'PCCGCIGL_07036',Skluy_0.1.6:6
188,YHR002W,'PCCGCIGL_00584',Skluy_105.1.6:6
189,YDR035W,'PCCGCIGL_02732',Skluy_88.1.18:18
190,YGL187C,'PCCGCIGL_08195',Skluy_159.2.7:7
191,YPL268W,'PCCGCIGL_03531',Skluy_18.2.7:7
192,YLR377C,'PCCGCIGL_06930',Skluy_32.2.12:12
193,YDR399W,'PCCGCIGL_05721',Skluy_62.6.7:7
194,YOL061W,'PCCGCIGL_02070',Skluy_19.1.3:3
195,YIL010W,'PCCGCIGL_04779',Skluy_103.2.3:3
196,YER026C,'PCCGCIGL_04588',Skluy_2.10.10:10
197,YBR199W,'PCCGCIGL_07308',Skluy_36.1.16:16
198,YDR208W,'PCCGCIGL_07496',Skluy_6.6.1:1
199,YCR028C,'PCCGCIGL_01886',Skluy_28.3.7:7
200,YCR028C,'PCCGCIGL_01886',Skluy_45.3.31:31
201,YCR028C,'PCCGCIGL_01886',Skluy_28.3.9:9
202,YKL194C,'PCCGCIGL_06510',Skluy_40.4.10:10
203,YGR244C,'PCCGCIGL_06863',Skluy_24.3.3:3
204,YDL080C,'PCCGCIGL_03813',Skluy_33.4.23:23
205,YDL080C,'PCCGCIGL_03813',Skluy_3.3.14:14
206,YBR149W,'PCCGCIGL_02245',Skluy_72.2.15:15
207,YBR149W,'PCCGCIGL_02245',Skluy_50.3.17:17
208,YMR208W,'PCCGCIGL_07032',Skluy_0.1.5:5
209,YNL169C,'PCCGCIGL_04288',Skluy_1.2.11:11
210,YLR056W,'PCCGCIGL_00830',Skluy_127.2.2:2
211,YGR194C,'PCCGCIGL_06354',Skluy_130.1.3:3
212,YGL009C,'PCCGCIGL_08005',Skluy_64.2.3:3
213,YOR163W,'PCCGCIGL_00539',Skluy_73.1.14:14
214,YMR189W,'PCCGCIGL_00177',Skluy_41.2.23:23
215,YHR190W,'PCCGCIGL_02579',Skluy_33.4.1:1
216,YPR069C,'PCCGCIGL_01232',Skluy_87.1.3:3
217,YNL202W,'PCCGCIGL_04337',Skluy_1.1.41:41
218,YNL202W,'PCCGCIGL_04337',Skluy_163.1.1:1
219,YGR157W,'PCCGCIGL_08100',Skluy_11.1.12:12
220,YBR011C,'PCCGCIGL_02293',Skluy_72.2.13:13
221,YJL166W,'PCCGCIGL_01922',Skluy_124.3.9:9
222,YER086W,'PCCGCIGL_05156',Skluy_10.6.18:18
223,YHL011C,'PCCGCIGL_00623',Skluy_31.1.2:2
224,YML070W,'PCCGCIGL_06560',Skluy_12.2.36:36
225,YER005W,'PCCGCIGL_04744',Skluy_2.1.16:16
226,YBR205W,'PCCGCIGL_07341',Skluy_36.1.8:8
227,YBR192W,'PCCGCIGL_07291',Skluy_36.1.26:26
228,YML004C,'PCCGCIGL_00131',Skluy_56.1.23:23
229,YLR038C,'PCCGCIGL_03795',Skluy_3.3.26:26
230,YML086C,'PCCGCIGL_02569',Skluy_33.4.5:5
231,YML059C,'PCCGCIGL_06541',Skluy_84.3.5:5
232,YDL095W,'PCCGCIGL_03872',Skluy_3.2.12:12
233,YBR126C,'PCCGCIGL_01269',Skluy_37.1.10:10
234,YBR069C,'PCCGCIGL_02704',Skluy_60.1.27:27
235,YBR069C,'PCCGCIGL_02704',Skluy_88.1.1:1
236,YGR065C,'PCCGCIGL_06957',Skluy_32.1.11:11
237,YER065C,'PCCGCIGL_04976',Skluy_9.5.2:2
238,YLR058C,'PCCGCIGL_00804',Skluy_16.1.2:2
239,YLR305C,'PCCGCIGL_08129',Skluy_11.2.2:2
240,YBR006W,'PCCGCIGL_02317',Skluy_22.1.48:48
241,YBR006W,'PCCGCIGL_02317',Skluy_17.2.27:27
242,YBR006W,'PCCGCIGL_02317',Skluy_72.2.22:22
243,YDR529C,'PCCGCIGL_01614',Skluy_39.4.17:17
244,YKL120W,'PCCGCIGL_03711',Skluy_3.5.13:13
245,YBR115C,'PCCGCIGL_01242',Skluy_108.1.6:6
246,YHR025W,'PCCGCIGL_06157',Skluy_65.1.3:3
247,YPR128C,'PCCGCIGL_04682',Skluy_2.6.22:22
248,YOL143C,'PCCGCIGL_02489',Skluy_48.2.4:4
249,YDL066W,'PCCGCIGL_06889',Skluy_24.1.17:17
250,YGR096W,'PCCGCIGL_04819',Skluy_35.2.12:12
251,YJR143C,'PCCGCIGL_01488',Skluy_30.1.20:20
252,YER178W,'PCCGCIGL_07754',Skluy_43.1.17:17
253,YMR217W,'PCCGCIGL_07012',Skluy_76.1.11:11
254,YGR193C,'PCCGCIGL_06353',Skluy_130.1.2:2
255,YDR354W,'PCCGCIGL_05610',Skluy_8.1.14:14
256,YAL054C,'PCCGCIGL_03409',Skluy_5.2.51:51
257,YGL125W,'PCCGCIGL_00422',Skluy_101.1.21:21
258,YGR171C,'PCCGCIGL_06306',Skluy_25.3.20:20
259,YLR420W,'PCCGCIGL_06500',Skluy_40.4.4:4
260,YEL021W,'PCCGCIGL_03200',Skluy_74.2.3:3
261,YNR041C,'PCCGCIGL_00055',Skluy_98.1.13:13
262,YER141W,'PCCGCIGL_07851',Skluy_17.2.11:11
263,YMR300C,'PCCGCIGL_06782',Skluy_99.2.11:11
264,YDR242W,'PCCGCIGL_07433',Skluy_20.1.1:1
265,YDR242W,'PCCGCIGL_07433',Skluy_11.1.23:23
266,YDR242W,'PCCGCIGL_07433',Skluy_6.4.15:15
267,YDR242W,'PCCGCIGL_07433',Skluy_60.1.12:12
268,YLR382C,'PCCGCIGL_06909',Skluy_32.2.22:22
269,YLR372W,'PCCGCIGL_06945',Skluy_32.2.5:5
270,YDR058C,'PCCGCIGL_01785',Skluy_42.7.10:10
271,YGR199W,'PCCGCIGL_06367',Skluy_102.1.1:1
272,YGR199W,'PCCGCIGL_06367',Skluy_130.2.1:1
273,YGL248W,'PCCGCIGL_04505',Skluy_27.1.6:6
274,YPL148C,'PCCGCIGL_07108',Skluy_0.3.14:14
275,YLR237W,'PCCGCIGL_07503',Skluy_53.2.7:7
276,YLR237W,'PCCGCIGL_07503',Skluy_26.2.9:9
277,YLR237W,'PCCGCIGL_07503',Skluy_59.5.6:6
278,YLR237W,'PCCGCIGL_07503',Skluy_30.1.34:34
279,YBR018C,'PCCGCIGL_02368',Skluy_112.3.8:8
280,YDR380W,'PCCGCIGL_05670',Skluy_62.1.2:2
281,YKL217W,'PCCGCIGL_06399',Skluy_2.10.7:7
282,YKL217W,'PCCGCIGL_06399',Skluy_34.1.4:4
283,YKL217W,'PCCGCIGL_06399',Skluy_94.1.1:1
284,YLR172C,'PCCGCIGL_03018',Skluy_135.2.4:4
285,YIL099W,'PCCGCIGL_03994',Skluy_4.6.4:4
286,YDR487C,'PCCGCIGL_02231',Skluy_50.3.6:6
287,YGL008C,'PCCGCIGL_08021',Skluy_52.4.23:23
288,YJR109C,'PCCGCIGL_05332',Skluy_7.1.28:28
289,YCR012W,'PCCGCIGL_03157',Skluy_136.1.3:3
290,YDL100C,'PCCGCIGL_03881',Skluy_3.2.4:4
291,YLL043W,'PCCGCIGL_08266',Skluy_91.3.14:14
292,YBR034C,'PCCGCIGL_02799',Skluy_34.1.2:2
293,YOR303W,'PCCGCIGL_01072',Skluy_70.4.8:8
294,YGL154C,'PCCGCIGL_03944',Skluy_4.6.43:43
295,YKL055C,'PCCGCIGL_03370',Skluy_5.2.24:24
296,YHR063C,'PCCGCIGL_06062',Skluy_22.1.18:18
297,YDR234W,'PCCGCIGL_07448',Skluy_6.4.29:29
298,YPR183W,'PCCGCIGL_05416',Skluy_7.3.57:57
299,YDL205C,'PCCGCIGL_07447',Skluy_6.4.28:28
300,YOL058W,'PCCGCIGL_02081',Skluy_81.1.1:1
301,YER073W,'PCCGCIGL_04998',Skluy_9.6.5:5
302,YER073W,'PCCGCIGL_04998',Skluy_267.2.1:1
303,YGR177C,'PCCGCIGL_06287',Skluy_25.3.29:29
304,YCL030C,'PCCGCIGL_01664',Skluy_110.3.8:8
305,YJR077C,'PCCGCIGL_00664',Skluy_31.3.13:13
306,YHR128W,'PCCGCIGL_04230',Skluy_1.3.12:12
307,YLR017W,'PCCGCIGL_06260',Skluy_131.1.11:11
308,YJL126W,'PCCGCIGL_02026',Skluy_19.6.2:2
309,YGL001C,'PCCGCIGL_08045',Skluy_52.4.10:10
310,YML120C,'PCCGCIGL_02584',Skluy_50.2.11:11
311,YML120C,'PCCGCIGL_02584',Skluy_33.3.8:8
312,YDR268W,'PCCGCIGL_05591',Skluy_8.2.2:2
313,YOR126C,'PCCGCIGL_05659',Skluy_96.1.6:6
314,YFL017C,'PCCGCIGL_00866',Skluy_95.2.3:3
315,YFR047C,'PCCGCIGL_04521',Skluy_27.1.18:18
316,YBR221C,'PCCGCIGL_00426',Skluy_101.1.18:18
317,YML054C,'PCCGCIGL_06517',Skluy_20.1.10:10
318,YML054C,'PCCGCIGL_06517',Skluy_40.4.16:16
319,YOL136C,'PCCGCIGL_02463',Skluy_44.1.35:35
320,YOL052C,'PCCGCIGL_01121',Skluy_13.3.10:10
321,YLL018C,'PCCGCIGL_08140',Skluy_11.2.8:8
322,YLL018C,'PCCGCIGL_08140',Skluy_11.2.9:9
323,YGL012W,'PCCGCIGL_08015',Skluy_64.2.9:9
324,YGR260W,'PCCGCIGL_06821',Skluy_95.2.8:8
325,YGR260W,'PCCGCIGL_06821',Skluy_78.2.17:17
326,YGR260W,'PCCGCIGL_06821',Skluy_160.1.3:3
327,YFR025C,'PCCGCIGL_03118',Skluy_55.2.16:16
328,YLR303W,'PCCGCIGL_08118',Skluy_11.1.24:24
329,YBR256C,'PCCGCIGL_04874',Skluy_26.2.11:11
330,YGR185C,'PCCGCIGL_06275',Skluy_25.4.8:8
331,YPR060C,'PCCGCIGL_01212',Skluy_87.1.17:17
332,YGL191W,'PCCGCIGL_08201',Skluy_159.2.4:4
333,YJL101C,'PCCGCIGL_02846',Skluy_34.4.23:23
334,YAL044C,'PCCGCIGL_03395',Skluy_5.2.39:39
335,YAR015W,'PCCGCIGL_02096',Skluy_81.1.11:11
336,YHR137W,'PCCGCIGL_04260',Skluy_1.2.29:29
337,YAL012W,'PCCGCIGL_01332',Skluy_61.2.13:13
338,YBL033C,'PCCGCIGL_01171',Skluy_13.3.30:30
339,YAR035W,'PCCGCIGL_02092',Skluy_81.1.8:8
340,YLR189C,'PCCGCIGL_01723',Skluy_104.3.1:1
341,YFL030W,'PCCGCIGL_00803',Skluy_16.1.3:3
342,YOR236W,'PCCGCIGL_07118',Skluy_0.3.20:20
343,YKR069W,'PCCGCIGL_05561',Skluy_8.3.18:18
344,YDL168W,'PCCGCIGL_05132',Skluy_10.6.34:34
345,YDL168W,'PCCGCIGL_05132',Skluy_98.1.8:8
346,YIR034C,'PCCGCIGL_06680',Skluy_49.1.12:12
347,YDR050C,'PCCGCIGL_02697',Skluy_60.1.25:25
348,YLR153C,'PCCGCIGL_07583',Skluy_145.1.3:3
349,YLR100W,'PCCGCIGL_07693',Skluy_66.1.2:2
350,YMR108W,'PCCGCIGL_03731',Skluy_3.5.3:3
351,YPR113W,'PCCGCIGL_04821',Skluy_35.2.13:13
352,YCL064C,'PCCGCIGL_01584',Skluy_168.1.2:2
353,YCL064C,'PCCGCIGL_01584',Skluy_39.4.4:4
354,YCL064C,'PCCGCIGL_01584',Skluy_48.2.12:12
355,YDR204W,'PCCGCIGL_07505',Skluy_53.2.8:8
356,YDL004W,'PCCGCIGL_02362',Skluy_112.3.3:3
357,YNR013C,'PCCGCIGL_00124',Skluy_56.1.27:27
358,YKL216W,'PCCGCIGL_03467',Skluy_5.2.75:75
359,YNL241C,'PCCGCIGL_05503',Skluy_8.3.57:57
360,YPL252C,'PCCGCIGL_00153',Skluy_56.1.8:8
361,YBR252W,'PCCGCIGL_04864',Skluy_26.2.19:19
362,YNL073W,'PCCGCIGL_04075',Skluy_51.2.20:20
363,YGL202W,'PCCGCIGL_04594',Skluy_2.10.8:8
364,YGL202W,'PCCGCIGL_04594',Skluy_64.1.19:19
365,YER014W,'PCCGCIGL_04702',Skluy_2.6.8:8
366,YKL192C,'PCCGCIGL_06507',Skluy_40.4.7:7
367,YNL142W,'PCCGCIGL_04265',Skluy_1.2.27:27
368,YJL155C,'PCCGCIGL_01962',Skluy_19.15.2:2
369,YPL023C,'PCCGCIGL_07422',Skluy_6.4.9:9
370,YBR039W,'PCCGCIGL_02780',Skluy_118.2.1:1
371,YIR032C,'PCCGCIGL_07225',Skluy_0.4.10:10
372,YLR299W,'PCCGCIGL_00475',Skluy_58.2.2:2
373,YLR299W,'PCCGCIGL_00475',Skluy_67.3.20:20
374,YNL111C,'PCCGCIGL_04160',Skluy_38.1.19:19
375,YAL060W,'PCCGCIGL_03425',Skluy_5.2.62:62
376,YKL146W,'PCCGCIGL_06178',Skluy_77.2.4:4
377,YBR041W,'PCCGCIGL_02778',Skluy_118.2.3:3
378,YGL067W,'PCCGCIGL_00266',Skluy_107.2.1:1
379,YJR137C,'PCCGCIGL_06618',Skluy_12.2.24:24
380,YDR023W,'PCCGCIGL_02765',Skluy_165.1.1:1
381,YNL101W,'PCCGCIGL_04143',Skluy_38.1.8:8
382,YJL167W,'PCCGCIGL_01921',Skluy_124.3.10:10
383,YFR019W,'PCCGCIGL_03098',Skluy_55.2.5:5
384,YGL037C,'PCCGCIGL_07946',Skluy_29.2.21:21
385,YOR168W,'PCCGCIGL_03621',Skluy_86.1.9:9
386,YER024W,'PCCGCIGL_05380',Skluy_7.3.27:27
387,YOL140W,'PCCGCIGL_02472',Skluy_48.1.3:3
388,YOL140W,'PCCGCIGL_02472',Skluy_20.1.11:11
389,YOL140W,'PCCGCIGL_02472',Skluy_3.3.12:12
390,YNR012W,'PCCGCIGL_00126',Skluy_56.1.26:26
391,YGL184C,'PCCGCIGL_08189',Skluy_11.4.11:11
392,YLR355C,'PCCGCIGL_01027',Skluy_70.1.5:5
393,YGR191W,'PCCGCIGL_06338',Skluy_25.3.2:2
394,YHL016C,'PCCGCIGL_00637',Skluy_31.2.8:8
395,YHL016C,'PCCGCIGL_00637',Skluy_20.1.6:6
396,YOR065W,'PCCGCIGL_05537',Skluy_8.3.33:33
397,YIL134W,'PCCGCIGL_04070',Skluy_51.2.24:24
398,YPL111W,'PCCGCIGL_07216',Skluy_20.1.15:15
399,YPL111W,'PCCGCIGL_07216',Skluy_0.4.4:4
400,YOR332W,'PCCGCIGL_01384',Skluy_14.4.9:9
401,YBL013W,'PCCGCIGL_07983',Skluy_64.1.6:6
402,YBL015W,'PCCGCIGL_07883',Skluy_17.4.5:5
403,YEL051W,'PCCGCIGL_05758',Skluy_54.3.17:17
404,YHL032C,'PCCGCIGL_08268',Skluy_91.3.15:15
405,YGL205W,'PCCGCIGL_04586',Skluy_2.10.11:11
406,YBR291C,'PCCGCIGL_00582',Skluy_105.1.5:5
407,YOL064C,'PCCGCIGL_02163',Skluy_82.2.9:9
408,YDR402C,'PCCGCIGL_05724',Skluy_54.1.3:3
409,YBR003W,'PCCGCIGL_02344',Skluy_112.1.3:3
410,YPR020W,'PCCGCIGL_07902',Skluy_29.2.4:4
411,YPR001W,'PCCGCIGL_00911',Skluy_46.3.10:10
412,YKL060C,'PCCGCIGL_03359',Skluy_5.2.16:16
413,YIL116W,'PCCGCIGL_04029',Skluy_4.4.3:3
414,YMR205C,'PCCGCIGL_00133',Skluy_56.1.22:22
415,YDR481C,'PCCGCIGL_07384',Skluy_6.3.13:13
416,YJR105W,'PCCGCIGL_05366',Skluy_7.3.16:16
417,YGR255C,'PCCGCIGL_01787',Skluy_42.7.11:11
418,YBR265W,'PCCGCIGL_02949',Skluy_119.1.13:13
419,YPL147W,'PCCGCIGL_07111',Skluy_0.3.16:16
420,YNR043W,'PCCGCIGL_00054',Skluy_98.1.14:14
421,YLR151C,'PCCGCIGL_07586',Skluy_145.1.5:5
422,YNL267W,'PCCGCIGL_01756',Skluy_42.2.7:7
423,YML035C,'PCCGCIGL_05845',Skluy_71.2.3:3
424,YNL192W,'PCCGCIGL_04323',Skluy_1.1.50:50
425,YML042W,'PCCGCIGL_05750',Skluy_54.3.10:10
426,YDR019C,'PCCGCIGL_02772',Skluy_165.1.5:5
427,YKL182W,'PCCGCIGL_06469',Skluy_40.2.3:3
428,YMR020W,'PCCGCIGL_03340',Skluy_5.2.8:8
429,YDL215C,'PCCGCIGL_04313',Skluy_1.1.58:58
430,YKL024C,'PCCGCIGL_06685',Skluy_49.1.14:14
431,YDR408C,'PCCGCIGL_05744',Skluy_54.3.6:6
432,YPL244C,'PCCGCIGL_00187',Skluy_41.2.16:16
433,YDR074W,'PCCGCIGL_07837',Skluy_17.1.29:29
434,YHL036W,'PCCGCIGL_08275',Skluy_139.2.2:2
435,YKL184W,'PCCGCIGL_06475',Skluy_40.2.6:6
436,YPL265W,'PCCGCIGL_06394',Skluy_102.2.19:19
437,YER091C,'PCCGCIGL_05170',Skluy_10.6.7:7
438,YJR078W,'PCCGCIGL_05273',Skluy_80.1.5:5
439,YHR104W,'PCCGCIGL_05604',Skluy_8.1.18:18
440,YKR097W,'PCCGCIGL_04433',Skluy_45.3.19:19
441,YLR027C,'PCCGCIGL_03767',Skluy_3.3.43:43
442,YHR067W,'PCCGCIGL_06049',Skluy_22.1.10:10
443,YOL096C,'PCCGCIGL_02234',Skluy_50.3.9:9
444,YHR051W,'PCCGCIGL_06142',Skluy_65.1.13:13
445,YGR020C,'PCCGCIGL_07930',Skluy_29.2.13:13
446,YOR136W,'PCCGCIGL_05700',Skluy_62.4.4:4
447,YOR136W,'PCCGCIGL_05700',Skluy_467.1.1:1
448,YPL117C,'PCCGCIGL_07194',Skluy_0.3.67:67
449,YPR002W,'PCCGCIGL_00912',Skluy_46.3.9:9
450,YPL214C,'PCCGCIGL_00246',Skluy_121.2.1:1
451,YGR061C,'PCCGCIGL_06965',Skluy_32.1.6:6
452,YDR297W,'PCCGCIGL_06091',Skluy_22.1.38:38
453,YOL126C,'PCCGCIGL_02438',Skluy_44.1.16:16
454,YKL212W,'PCCGCIGL_00658',Skluy_31.3.10:10
455,YOR143C,'PCCGCIGL_05708',Skluy_62.4.10:10
456,YLR351C,'PCCGCIGL_01012',Skluy_149.1.3:3
457,YBL099W,'PCCGCIGL_05253',Skluy_80.1.17:17
458,YBL099W,'PCCGCIGL_05253',Skluy_277.1.1:1
459,YOR278W,'PCCGCIGL_07011',Skluy_76.1.12:12
460,YLR209C,'PCCGCIGL_05113',Skluy_157.1.1:1
461,YOR221C,'PCCGCIGL_07141',Skluy_0.3.34:34
462,YDR158W,'PCCGCIGL_07620',Skluy_57.1.4:4
463,YOR100C,'PCCGCIGL_04134',Skluy_125.2.11:11
464,YLR109W,'PCCGCIGL_07679',Skluy_100.1.8:8
465,YLR109W,'PCCGCIGL_07679',Skluy_44.1.7:7
466,YKL150W,'PCCGCIGL_06175',Skluy_77.2.1:1
467,YGR060W,'PCCGCIGL_06967',Skluy_32.1.5:5
468,YHR019C,'PCCGCIGL_03114',Skluy_55.2.14:14
469,YLR395C,'PCCGCIGL_06887',Skluy_24.1.19:19
470,YIL078W,'PCCGCIGL_05029',Skluy_9.6.23:23
471,YKL211C,'PCCGCIGL_00657',Skluy_31.3.9:9
472,YDR256C,'PCCGCIGL_07391',Skluy_6.3.17:17
473,YLR231C,'PCCGCIGL_07498',Skluy_53.2.2:2
474,YIL094C,'PCCGCIGL_03980',Skluy_4.6.6:6
475,YHR026W,'PCCGCIGL_06155',Skluy_65.1.4:4
476,YBR263W,'PCCGCIGL_02915',Skluy_59.6.2:2
477,YBR153W,'PCCGCIGL_02252',Skluy_50.3.22:22
478,YGL148W,'PCCGCIGL_03939',Skluy_4.7.2:2
479,YGR055W,'PCCGCIGL_01038',Skluy_70.2.1:1
480,YCL009C,'PCCGCIGL_03038',Skluy_47.1.22:22
481,YIL124W,'PCCGCIGL_04053',Skluy_4.2.7:7
482,YKL106W,'PCCGCIGL_03679',Skluy_69.2.11:11
483,YNR033W,'PCCGCIGL_00078',Skluy_174.1.4:4
484,YBR176W,'PCCGCIGL_07246',Skluy_0.4.25:25
485,YER043C,'PCCGCIGL_04546',Skluy_27.1.36:36
486,YKL152C,'PCCGCIGL_06173',Skluy_382.1.1:1
487,YJL088W,'PCCGCIGL_02866',Skluy_128.1.6:6
488,YMR306W,'PCCGCIGL_06758',Skluy_115.1.1:1
489,YMR306W,'PCCGCIGL_06758',Skluy_554.1.1:1
490,YLR092W,'PCCGCIGL_07720',Skluy_66.1.20:20
491,YLL041C,'PCCGCIGL_08263',Skluy_91.3.11:11
492,YDL141W,'PCCGCIGL_05078',Skluy_109.1.7:7
493,YAL022C,'PCCGCIGL_01363',Skluy_61.2.32:32
494,YER023W,'PCCGCIGL_05373',Skluy_7.3.23:23
495,YJR025C,'PCCGCIGL_06383',Skluy_102.2.11:11
496,YOL049W,'PCCGCIGL_01352',Skluy_61.2.27:27
497,YER052C,'PCCGCIGL_04945',Skluy_9.1.3:3
498,YEL058W,'PCCGCIGL_03547',Skluy_18.4.2:2
499,YER055C,'PCCGCIGL_04954',Skluy_9.1.8:8
500,YHR011W,'PCCGCIGL_05874',Skluy_71.2.20:20
501,YBR248C,'PCCGCIGL_00349',Skluy_21.1.16:16
502,YML123C,'PCCGCIGL_02573',Skluy_33.4.3:3
503,YOR155C,'PCCGCIGL_05735',Skluy_54.2.3:3
504,YMR015C,'PCCGCIGL_03332',Skluy_5.2.4:4
505,YMR220W,'PCCGCIGL_07008',Skluy_76.1.15:15
506,YKR066C,'PCCGCIGL_01964',Skluy_19.14.1:1
507,YBR023C,'PCCGCIGL_02380',Skluy_147.1.2:2
508,YGR088W,'PCCGCIGL_04798',Skluy_35.1.3:3
509,YMR083W,'PCCGCIGL_03671',Skluy_108.1.1:1
510,YMR083W,'PCCGCIGL_03671',Skluy_69.2.5:5
511,YOR125C,'PCCGCIGL_05655',Skluy_96.1.9:9
512,YJR016C,'PCCGCIGL_06370',Skluy_102.2.2:2
513,YPL172C,'PCCGCIGL_07047',Skluy_0.1.14:14
514,YDR403W,'PCCGCIGL_05726',Skluy_54.1.4:4
515,YCR083W,'PCCGCIGL_00057',Skluy_98.1.11:11
516,YKR067W,'PCCGCIGL_05565',Skluy_8.3.15:15
517,YGL040C,'PCCGCIGL_08098',Skluy_11.1.11:11
518,YBR127C,'PCCGCIGL_01272',Skluy_37.1.12:12
519,YPR006C,'PCCGCIGL_00927',Skluy_46.2.9:9
520,YOR241W,'PCCGCIGL_07100',Skluy_0.3.10:10
521,YMR296C,'PCCGCIGL_06792',Skluy_99.2.4:4
522,YOL132W,'PCCGCIGL_02451',Skluy_44.1.27:27
523,YDL052C,'PCCGCIGL_06932',Skluy_3.2.11:11
524,YDL052C,'PCCGCIGL_06932',Skluy_32.2.11:11
525,YPL059W,'PCCGCIGL_07349',Skluy_36.1.2:2
526,YDR226W,'PCCGCIGL_07464',Skluy_6.4.41:41
527,YGR247W,'PCCGCIGL_06859',Skluy_24.3.6:6
528,YDR232W,'PCCGCIGL_07450',Skluy_6.4.31:31
529,YDR284C,'PCCGCIGL_06117',Skluy_1.1.39:39
530,YDR284C,'PCCGCIGL_06117',Skluy_65.1.30:30
531,YPL028W,'PCCGCIGL_07416',Skluy_6.4.4:4
532,YDL078C,'PCCGCIGL_03808',Skluy_3.3.15:15
533,YFL022C,'PCCGCIGL_00846',Skluy_113.1.3:3
534,YEL027W,'PCCGCIGL_03223',Skluy_15.5.1:1
535,YDR400W,'PCCGCIGL_05723',Skluy_54.1.2:2
536,YMR202W,'PCCGCIGL_00139',Skluy_56.1.18:18
537,YDR017C,'PCCGCIGL_02785',Skluy_118.1.5:5
538,YIR027C,'PCCGCIGL_02100',Skluy_81.1.14:14
539,YIR027C,'PCCGCIGL_02100',Skluy_13.2.3:3
540,YBL098W,'PCCGCIGL_05248',Skluy_80.1.21:21
541,YNL071W,'PCCGCIGL_04073',Skluy_51.2.22:22
542,YEL024W,'PCCGCIGL_03211',Skluy_74.4.6:6
543,YFR030W,'PCCGCIGL_04880',Skluy_26.2.6:6
544,YDR173C,'PCCGCIGL_07576',Skluy_173.2.3:3
545,YHR144C,'PCCGCIGL_04287',Skluy_1.2.12:12
546,YPL262W,'PCCGCIGL_03551',Skluy_18.4.3:3
547,YGL186C,'PCCGCIGL_08193',Skluy_11.4.14:14
548,YGR019W,'PCCGCIGL_07937',Skluy_29.2.17:17
549,YGR019W,'PCCGCIGL_07937',Skluy_30.1.33:33
550,YLR308W,'PCCGCIGL_08135',Skluy_11.2.4:4
551,YJL121C,'PCCGCIGL_02035',Skluy_19.4.9:9
552,YNL292W,'PCCGCIGL_02402',Skluy_137.3.5:5
553,YCR036W,'PCCGCIGL_01858',Skluy_28.5.4:4
554,YPR026W,'PCCGCIGL_05255',Skluy_80.1.16:16
555,YFL045C,'PCCGCIGL_00761',Skluy_16.2.20:20
556,YCL018W,'PCCGCIGL_03048',Skluy_47.1.13:13
557,YOR374W,'PCCGCIGL_03420',Skluy_5.2.59:59
558,YOR273C,'PCCGCIGL_07027',Skluy_0.1.1:1
559,YOR273C,'PCCGCIGL_07027',Skluy_76.1.1:1
560,YPL104W,'PCCGCIGL_07238',Skluy_0.4.22:22
561,YDR037W,'PCCGCIGL_02705',Skluy_88.1.4:4
562,YKL080W,'PCCGCIGL_06636',Skluy_12.2.18:18
563,YNR008W,'PCCGCIGL_00141',Skluy_56.1.17:17
564,YMR062C,'PCCGCIGL_06627',Skluy_12.2.21:21
565,YOR184W,'PCCGCIGL_00493',Skluy_67.3.10:10
566,YGL026C,'PCCGCIGL_07980',Skluy_64.1.4:4
567,YPL188W,'PCCGCIGL_00315',Skluy_21.2.18:18
568,YBR084W,'PCCGCIGL_01150',Skluy_13.3.21:21
569,YMR313C,'PCCGCIGL_06779',Skluy_99.2.14:14
570,YER090W,'PCCGCIGL_05166',Skluy_10.6.10:10
571,YPL234C,'PCCGCIGL_00203',Skluy_41.2.4:4
572,YDR044W,'PCCGCIGL_02717',Skluy_88.1.10:10
573,YDR236C,'PCCGCIGL_07442',Skluy_6.4.23:23
574,YKL181W,'PCCGCIGL_06467',Skluy_40.2.1:1
575,YLR240W,'PCCGCIGL_07516',Skluy_53.2.18:18
576,YGR007W,'PCCGCIGL_08069',Skluy_52.1.2:2
577,YHR072W,'PCCGCIGL_06015',Skluy_68.1.6:6
578,YHR072W,'PCCGCIGL_06015',Skluy_68.1.4:4
579,YEL042W,'PCCGCIGL_03247',Skluy_15.3.13:13
